{"cameraMode":{"drawMode":0,"name":"Shaded","section":"Shading Mode"},"sceneLighting":true,"audioPlay":false,"sceneViewState":{"m_AlwaysRefresh":false,"showFog":true,"showSkybox":true,"showFlares":true,"showImageEffects":true,"showParticleSystems":true,"showVisualEffectGraphs":true,"m_FxEnabled":true},"in2DMode":false,"pivot":{"x":680.8150634765625,"y":588.9952392578125,"z":321.504638671875},"rotation":{"x":-0.01380994450300932,"y":0.0020984322763979437,"z":-0.000026318606614950113,"w":-0.9999115467071533},"size":904.6449584960938,"orthographic":false}