{"cameraMode":{"drawMode":0,"name":"Shaded","section":"Shading Mode"},"sceneLighting":true,"audioPlay":false,"sceneViewState":{"m_AlwaysRefresh":false,"showFog":true,"showSkybox":true,"showFlares":true,"showImageEffects":true,"showParticleSystems":true,"showVisualEffectGraphs":true,"m_FxEnabled":true},"in2DMode":false,"pivot":{"x":455.3590087890625,"y":142.15562438964845,"z":12.284828186035157},"rotation":{"x":-0.060270342975854877,"y":-0.009884239174425602,"z":0.0005971999489702284,"w":-0.9981318712234497},"size":289.0775451660156,"orthographic":false}